,Invigilator,Bench_num,Roll_num,Student_name
0,Andrea Ayers,BN0001,CS0001,Yvie Sosa
1,Andrea Ayers,BN0002,CS0002,Addison Carr
2,Andrea Ayers,BN0003,CS0003,Melina Conway
3,Andrea Ayers,BN0004,CS0004,Lindsay Bradford
4,Andrea Ayers,BN0005,CS0005,Fern Mccann
5,Andrea Ayers,BN0006,EE0001,Brian Sutton
6,Andrea Ayers,BN0007,EE0002,Lucas Castro
7,Andrea Ayers,BN0008,EE0003,Mateo Adams
8,Andrea Ayers,BN0009,EE0004,Kellan Mcintyre
9,Andrea Ayers,BN0010,EE0005,Tyreece Stephenson
10,Andrea Ayers,BN0011,CV0001,Yvie Sosa
11,Andrea Ayers,BN0012,CV0002,Addison Carr
12,Andrea Ayers,BN0013,CV0003,Melina Conway
13,Andrea Ayers,BN0014,CV0004,Lindsay Bradford
14,Andrea Ayers,BN0015,CV0005,Fern Mccann
15,Andrea Ayers,BN0016,MC0001,Brian Sutton
16,Andrea Ayers,BN0017,MC0002,Lucas Castro
17,Andrea Ayers,BN0018,MC0003,Mateo Adams
18,Andrea Ayers,BN0019,MC0004,Kellan Mcintyre
19,Andrea Ayers,BN0020,MC0005,Tyreece Stephenson
20,Andrea Ayers,BN0021,CS0006,Jagdeep Searle
21,Andrea Ayers,BN0022,CS0007,Nuala Bowman
22,Andrea Ayers,BN0023,CS0008,Tea Avery
23,Andrea Ayers,BN0024,CS0009,Killian Mccarthy
24,Andrea Ayers,BN0025,CS0010,Rajveer Miller
25,Andrea Ayers,BN0026,EE0006,Tommie Crosby
26,Andrea Ayers,BN0027,EE0007,Bradley Pace
27,Andrea Ayers,BN0028,EE0008,Andrea Ayers
28,Andrea Ayers,BN0029,EE0009,Mekhi Feeney
29,Andrea Ayers,BN0030,EE0010,Nile Sinclair
30,Andrea Ayers,BN0031,CV0006,Jagdeep Searle
31,Andrea Ayers,BN0032,CV0007,Nuala Bowman
32,Andrea Ayers,BN0033,CV0008,Tea Avery
33,Andrea Ayers,BN0034,CV0009,Killian Mccarthy
34,Andrea Ayers,BN0035,CV0010,Rajveer Miller
35,Andrea Ayers,BN0036,MC0006,Tommie Crosby
36,Andrea Ayers,BN0037,MC0007,Bradley Pace
37,Andrea Ayers,BN0038,MC0008,Andrea Ayers
38,Andrea Ayers,BN0039,MC0009,Mekhi Feeney
39,Andrea Ayers,BN0040,MC0010,Nile Sinclair
40,Andrea Ayers,BN0041,CS0011,Taliyah Lamb
41,Andrea Ayers,BN0042,CS0012,Fraya Flores
42,Andrea Ayers,BN0043,CS0013,Brianna Cuevas
43,Andrea Ayers,BN0044,CS0014,Tia Mccartney
44,Andrea Ayers,BN0045,CS0015,Brooke Waller
45,Andrea Ayers,BN0046,EE0011,Jobe Tillman
46,Andrea Ayers,BN0047,EE0012,Daniaal Macias
47,Andrea Ayers,BN0048,EE0013,Eryk Paul
48,Andrea Ayers,BN0049,EE0014,Valentino Patton
49,Andrea Ayers,BN0050,EE0015,Aariz Guzman
50,Andrea Ayers,BN0051,CV0011,Taliyah Lamb
51,Andrea Ayers,BN0052,CV0012,Fraya Flores
52,Andrea Ayers,BN0053,CV0013,Brianna Cuevas
53,Andrea Ayers,BN0054,CV0014,Tia Mccartney
54,Andrea Ayers,BN0055,CV0015,Brooke Waller
55,Andrea Ayers,BN0056,MC0011,Jobe Tillman
56,Andrea Ayers,BN0057,MC0012,Daniaal Macias
57,Andrea Ayers,BN0058,MC0013,Eryk Paul
58,Andrea Ayers,BN0059,MC0014,Valentino Patton
59,Andrea Ayers,BN0060,MC0015,Aariz Guzman
60,Andrea Ayers,BN0061,CS0016,Nadia Lin
61,Andrea Ayers,BN0062,CS0017,Juliet Wolfe
62,Andrea Ayers,BN0063,CS0018,Cadi Whittaker
63,Andrea Ayers,BN0064,CS0019,Isobel Bate
64,Andrea Ayers,BN0065,CS0020,Monique Phelps
65,Andrea Ayers,BN0066,EE0016,Rylee Ballard
66,Andrea Ayers,BN0067,EE0017,Barney Fritz
67,Andrea Ayers,BN0068,EE0018,Caine Cano
68,Andrea Ayers,BN0069,EE0019,Shuaib Muir
69,Andrea Ayers,BN0070,EE0020,Jorge Hoffman
70,Andrea Ayers,BN0071,CV0016,Nadia Lin
71,Andrea Ayers,BN0072,CV0017,Juliet Wolfe
72,Andrea Ayers,BN0073,CV0018,Cadi Whittaker
73,Andrea Ayers,BN0074,CV0019,Isobel Bate
74,Andrea Ayers,BN0075,CV0020,Monique Phelps
75,Andrea Ayers,BN0076,MC0016,Rylee Ballard
76,Andrea Ayers,BN0077,MC0017,Barney Fritz
77,Andrea Ayers,BN0078,MC0018,Caine Cano
78,Andrea Ayers,BN0079,MC0019,Shuaib Muir
79,Andrea Ayers,BN0080,MC0020,Jorge Hoffman
80,Andrea Ayers,BN0081,CS0021,Nabeela Sims
81,Andrea Ayers,BN0082,CS0022,Lilly Lane
82,Andrea Ayers,BN0083,CS0023,Rogan Joyce
83,Andrea Ayers,BN0084,CS0024,Siana Ryder
84,Andrea Ayers,BN0085,CS0025,Mehak Hess
85,Andrea Ayers,BN0086,EE0021,Vinny Farmer
86,Andrea Ayers,BN0087,EE0022,Tymon Howe
87,Andrea Ayers,BN0088,EE0023,Vivian Wilkes
88,Andrea Ayers,BN0089,EE0024,Tomasz Simpson
89,Andrea Ayers,BN0090,EE0025,Marni Koch
90,Andrea Ayers,BN0091,CV0021,Nabeela Sims
91,Andrea Ayers,BN0092,CV0022,Lilly Lane
92,Andrea Ayers,BN0093,CV0023,Rogan Joyce
93,Andrea Ayers,BN0094,CV0024,Siana Ryder
94,Andrea Ayers,BN0095,CV0025,Mehak Hess
95,Andrea Ayers,BN0096,MC0021,Vinny Farmer
96,Andrea Ayers,BN0097,MC0022,Tymon Howe
97,Andrea Ayers,BN0098,MC0023,Vivian Wilkes
98,Andrea Ayers,BN0099,MC0024,Tomasz Simpson
99,Andrea Ayers,BN0100,MC0025,Marni Koch
